{"5.5": {"6": {"paths": [[2653180, 1889415, 2232212, 2258391, 2600191, 2206119, 2468507, 88571, 2679435, 2653180, 1889415, 2679433, 1995196, 2021595], [2311716, 2416668, 2600546, 72957, 1018507, 2521544, 2600546, 1018507, 2706209, 544339, 134059, 2706194, 2706194, 2285374], [2706078, 1624944, 2521177, 2732679, 2732679, 2705866, 2732679, 2653346, 2600352, 1282037, 1255850, 2048094, 2732767, 2732767], [2653536, 2706194, 2706194, 2337621, 1889362, 2232154, 1492823, 2653143, 2653143, 2705809, 2705809, 2416131, 2521025, 2653177], [2732780, 2732780, 2548121, 2390463, 1942747, 2732791, 2732791, 2732791, 2732791, 2706249, 2548121, 2732780, 2732780, 2732780], [2741924, 2741924, 2741924, 2741924, 2741924, 2741924, 2741924, 2741924, 2741873, 2732437, 2732419, 2732679, 2732679, 2732679]], "objective": 13.56817202191969}, "10": {"paths": [[2574187, 2600352, 1572129, 1730570, 2705855, 2626636, 2732397, 2653192, 2732398, 2574187, 1175973, 2416277, 2626635, 1413936], [2705794, 2732327, 2732327, 2626610, 2311322, 2100592, 2732353, 2732327, 1492929, 1942320, 51178, 2732353, 1942347, 2732353], [2732301, 2574069, 2732301, 2732301, 2258421, 1889492, 2574162, 2732419, 2732679, 2732419, 543906, 2732301, 2337569, 2732301], [2548086, 2548086, 2706213, 43501, 70001, 2653566, 2206516, 2311716, 2548086, 2311716, 1704407, 280874, 2021969, 1519857], [2732791, 2495263, 2495253, 2416654, 1572466, 130441, 2732780, 1625357, 2021969, 2127463, 675838, 2180235, 2653566, 93891], [2741792, 2741792, 1783855, 2653536, 2706194, 2706194, 2653536, 1783855, 2548078, 1783855, 2416638, 2653536, 2347016, 2706194], [2626956, 2732569, 2548025, 2679862, 2626957, 2706286, 2626957, 2442605, 2653484, 2468828, 2653484, 2600471, 2574437, 2653484], [2732353, 2705794, 2653143, 2416131, 2126905, 2521017, 2547588, 2521017, 2547588, 2547588, 2521017, 2494725, 2521017, 2547588], [2732788, 1651788, 2127478, 2732780, 2548121, 2732780, 2732780, 2732780, 2732780, 2732780, 2574534, 2732780, 2101023, 2574529], [2679680, 2679680, 2679680, 2679680, 2679680, 2679680, 2679680, 2679680, 2679680, 2679680, 2679680, 2679680, 2679680, 2679680]], "objective": 8.793876730045191}, "20": {"paths": [[111251, 135791, 120917, 134547, 111251, 79535, 134948, 132629, 1704079, 2363898, 1413936, 135791, 97748, 2495016], [2258421, 2732300, 2732408, 2126958, 2679466, 2600149, 2389948, 2732300, 2547741, 412138, 2653118, 1360833, 2653193, 2732300], [1942300, 2732327, 2600112, 2600112, 2679422, 2600112, 2626585, 2600112, 2732327, 2626585, 2732353, 227806, 2653164, 2626585], [1387668, 2653561, 1863407, 2547814, 1598715, 2547814, 2258770, 2626732, 1889522, 1387387, 1572100, 2732373, 2705838, 491246], [2732569, 2548025, 1969207, 2600588, 2626957, 2626839, 2547782, 2258391, 2574138, 1492823, 89639, 254120, 2100510, 1202410], [2548127, 1149900, 1176390, 2600546, 2732791, 2495263, 2548121, 89445, 2101035, 2732791, 2732791, 2495263, 2732791, 2101039], [2494783, 2679459, 2547628, 2706078, 1783745, 2732679, 43404, 2653484, 1493307, 2468714, 1334787, 1730960, 491531, 201671], [2600097, 1334564, 2679435, 2574138, 1334487, 1624846, 2653067, 2705769, 2732304, 2547968, 1810148, 2547968, 2732304, 2732304], [2653543, 134059, 2653536, 1730921, 2548078, 1730921, 2706200, 2706200, 2706203, 2706213, 77675, 1916378, 1730921, 1916378], [2705794, 2494816, 2705794, 2653143, 2258342, 2679422, 2232175, 2232098, 1175829, 2494725, 2494817, 2705794, 1836733, 2337621], [1942726, 2600557, 2101023, 2495258, 2153661, 2732780, 2732780, 2574529, 2364232, 2548078, 649388, 2337996, 2311735, 52937], [2600543, 2706218, 2495230, 2626957, 2442605, 2574450, 2626957, 2337945, 2732593, 2732542, 2732398, 2741873, 1545836, 2705809], [2705768, 2653067, 2705769, 2705769, 2732301, 2732408, 2390040, 2679435, 1466493, 1175925, 1836724, 1739834, 2715210, 2715210], [2706194, 2679414, 2583285, 2715210, 2715210, 2188979, 2732353, 2705794, 2232170, 2126905, 1175840, 2547588, 2547588, 2547588], [2600471, 2574437, 2468828, 1361299, 90089, 2706286, 2390433, 2732767, 2653576, 2732767, 2732767, 2732767, 2732767, 2732767], [2416650, 2521525, 2548078, 2548078, 2548078, 2548078, 2548078, 2548078, 1730921, 2653536, 2653536, 1783855, 2741792, 2741792], [2741924, 2021596, 2653177, 2521025, 2494725, 2521025, 2521025, 2521017, 2547588, 2547588, 1942230, 2494725, 2521025, 2653177], [2390433, 2653565, 2258770, 2706218, 2600543, 2732767, 2732767, 2390433, 2285443, 2468833, 2311640, 1044863, 2653484, 2653484], [2732788, 2732788, 2732788, 1651788, 2127478, 2127493, 2706249, 2706249, 570820, 2574534, 2180178, 2732788, 2732788, 2732788], [2732679, 1916313, 2732679, 2732679, 2732679, 2732679, 2732679, 2732679, 2732679, 2732679, 2732679, 2732679, 2732679, 2732679]], "objective": 5.124797258843469}}, "6.0": {"6": {"paths": [[2653180, 1968795, 2232212, 2258391, 2416277, 1255490, 2653180, 1889415, 2311335, 2653180, 1889415, 2679433, 1308248, 2021595], [2311716, 2416668, 2600546, 72957, 1018507, 2521544, 2600546, 1018507, 2706209, 544339, 134059, 2706194, 2653536, 2285374], [2706078, 2521161, 2521177, 2653346, 2206441, 2732569, 2732679, 2732679, 2732569, 2364060, 38727, 61242, 2521544, 1651768], [2732353, 2732353, 2232193, 2732353, 2705794, 2732353, 2732353, 2732349, 2574095, 2732349, 2705794, 2494817, 2494817, 2468382], [2732780, 2732780, 2732780, 2732780, 2732780, 2732780, 2732780, 2732780, 2732780, 2732780, 2732780, 2732780, 2732780, 2732780], [2741924, 2741924, 2741924, 2741873, 2679489, 2741873, 2741924, 2741924, 2741873, 2732437, 2732419, 2732679, 2732679, 2732679]], "objective": 13.6069260552902}, "10": {"paths": [[2258445, 1995359, 1070953, 174881, 2679450, 2732407, 127848, 2416282, 2600184, 2732407, 148659, 2047754, 2390045, 2732402], [2705794, 2626585, 2732327, 2626610, 2311322, 2100592, 2206111, 2679422, 1492929, 648997, 51178, 2732349, 2021558, 2732353], [2732301, 2574069, 2732301, 2732301, 2732419, 1889492, 2547893, 90951, 2732679, 2732419, 1651290, 2732301, 2600047, 2732301], [2548086, 2548086, 2206516, 1546271, 70049, 2600543, 2180156, 2495239, 2600546, 2311716, 1704407, 1018507, 2495239, 1519857], [2732791, 2548121, 72957, 2706209, 1572466, 1625357, 2364233, 2337997, 1678240, 2311716, 2180153, 1730967, 2653566, 93891], [2741792, 2521525, 2442647, 1097632, 1625357, 2732791, 1625357, 2364233, 2442647, 100494, 2416638, 100494, 2442647, 93982], [2495121, 2706078, 2653118, 1651279, 1281711, 2521017, 15372, 2521017, 2547588, 2547588, 2521017, 2494725, 2494725, 2521025], [2732767, 2732767, 2390433, 2706286, 2626957, 2626816, 2390345, 2442605, 2653484, 2468833, 2653484, 2653479, 2574437, 2732679], [2732353, 1995113, 2188979, 2732353, 2732353, 2732353, 2732353, 2732353, 2732353, 2732353, 2732353, 2732353, 2232193, 2706194], [2732788, 2732788, 2732788, 2732788, 2732788, 2732788, 2732788, 2732788, 2574534, 2732788, 2732788, 2732788, 2732788, 2732788]], "objective": 8.709309400471271},