{"3": {"paths": [[122888, 122888, 122888, 122888, 122888, 122888, 122888, 122888, 122888, 122888, 122888, 122888, 122888, 122888], [98345, 98345, 98345, 98345, 98345, 98345, 98345, 98345, 98345, 98345, 98345, 98345, 98345, 98345], [73758, 73758, 73758, 73758, 73758, 73758, 73758, 73758, 73758, 73758, 73758, 73758, 73758, 73758]], "objective": 4.713846177292118}, "4": {"paths": [[122888, 122888, 122888, 122888, 122888, 122888, 122888, 122888, 122888, 122888, 122888, 122888, 122888, 122888], [98345, 98345, 98345, 98345, 98345, 98345, 98345, 98345, 98345, 98345, 98345, 98345, 98345, 98345], [98326, 98326, 98326, 98326, 98326, 98326, 98326, 98326, 98326, 98326, 98326, 98326, 98326, 98326], [82174, 82174, 82174, 82174, 82174, 82174, 82174, 82174, 82174, 82174, 82174, 82174, 82174, 82174]], "objective": 3.134121316352328}, "5": {"paths": [[106561, 106561, 106561, 106561, 106561, 106561, 106561, 106561, 106561, 106561, 106561, 106561, 106561, 106561], [16450, 16450, 16450, 16450, 16450, 16450, 16450, 16450, 16450, 16450, 16450, 16450, 16450, 16450], [122888, 122888, 122888, 122888, 122888, 122888, 122888, 122888, 122888, 122888, 122888, 122888, 122888, 122888], [98345, 98345, 98345, 98345, 98345, 98345, 98345, 98345, 98345, 98345, 98345, 98345, 98345, 98345], [32795, 32795, 32795, 32795, 32795, 32795, 32795, 32795, 32795, 32795, 32795, 32795, 32795, 32795]], "objective": 3.2215577715869372}, "6": {"paths": [[106561, 106561, 106561, 106561, 106561, 106561, 106561, 106561, 106561, 106561, 106561, 106561, 106561, 106561], [16450, 16450, 16450, 16450, 16450, 16450, 16450, 16450, 16450, 16450, 16450, 16450, 16450, 16450], [32795, 32795, 32795, 32795, 32795, 32795, 32795, 32795, 32795, 32795, 32795, 32795, 32795, 32795], [98345, 98345, 98345, 98345, 98345, 98345, 98345, 98345, 98345, 98345, 98345, 98345, 98345, 98345], [122888, 122888, 122888, 122888, 122888, 122888, 122888, 122888, 122888, 122888, 122888, 122888, 122888, 122888], [131099, 131099, 131099, 131099, 131099, 131099, 131099, 131099, 131099, 131099, 131099, 131099, 131099, 131099]], "objective": 3.2215577715869372}, "7": {"paths": [[2547776, 2547776, 2547776, 2547776, 2547776, 2547776, 2547776, 2547776, 2547776, 2547776, 2547776, 2547776, 2547776, 2547776], [2547820, 2547820, 2547820, 2547820, 2547820, 2547820, 2547820, 2547820, 2547820, 2547820, 2547820, 2547820, 2547820, 2547820], [33037, 33037, 33037, 33037, 33037, 33037, 33037, 33037, 33037, 33037, 33037, 33037, 33037, 33037], [98326, 98326, 98326, 98326, 98326, 98326, 98326, 98326, 98326, 98326, 98326, 98326, 98326, 98326], [16444, 16444, 16444, 16444, 16444, 16444, 16444, 16444, 16444, 16444, 16444, 16444, 16444, 16444], [16445, 16445, 16445, 16445, 16445, 16445, 16445, 16445, 16445, 16445, 16445, 16445, 16445, 16445], [73758, 73758, 73758, 73758, 73758, 73758, 73758, 73758, 73758, 73758, 73758, 73758, 73758, 73758]], "objective": 2.1539570600779956}, "8": {"paths": [[2547776, 2547776, 2547776, 2547776, 2547776, 2547776, 2547776, 2547776, 2547776, 2547776, 2547776, 2547776, 2547776, 2547776], [131099, 131099, 131099, 131099, 131099, 131099, 131099, 131099, 131099, 131099, 131099, 131099, 131099, 131099], [2547820, 2547820, 2547820, 2547820, 2547820, 2547820, 2547820, 2547820, 2547820, 2547820, 2547820, 2547820, 2547820, 2547820], [82229, 82229, 82229, 82229, 82229, 82229, 82229, 82229, 82229, 82229, 82229, 82229, 82229, 82229], [49206, 49206, 49206, 49206, 49206, 49206, 49206, 49206, 49206, 49206, 49206, 49206, 49206, 49206], [89, 89, 89, 89, 89, 89, 89, 89, 89, 89, 89, 89, 89, 89], [32795, 32795, 32795, 32795, 32795, 32795, 32795, 32795, 32795, 32795, 32795, 32795, 32795, 32795], [106591, 106591, 106591, 106591, 106591, 106591, 106591, 106591, 106591, 106591, 106591, 106591, 106591, 106591]], "objective": 2.197707970655069}, "9": {"paths": [[2547776, 2547776, 2547776, 2547776, 2547776, 2547776, 2547776, 2547776, 2547776, 2547776, 2547776, 2547776, 2547776, 2547776], [98405, 98405, 98405, 98405, 98405, 98405, 98405, 98405, 98405, 98405, 98405, 98405, 98405, 98405], [131099, 131099, 131099, 131099, 131099, 131099, 131099, 131099, 131099, 131099, 131099, 131099, 131099, 131099], [1704143, 1704143, 1704143, 1704143, 1704143, 1704143, 1704143, 1704143, 1704143, 1704143, 1704143, 1704143, 1704143, 1704143], [82229, 82229, 82229, 82229, 82229, 82229, 82229, 82229, 82229, 82229, 82229, 82229, 82229, 82229], [49206, 49206, 49206, 49206, 49206, 49206, 49206, 49206, 49206, 49206, 49206, 49206, 49206, 49206], [89, 89, 89, 89, 89, 89, 89, 89, 89, 89, 89, 89, 89, 89], [32795, 32795, 32795, 32795, 32795, 32795, 32795, 32795, 32795, 32795, 32795, 32795, 32795, 32795], [16444, 16444, 16444, 16444, 16444, 16444, 16444, 16444, 16444, 16444, 16444, 16444, 16444, 16444]], "objective": 2.4757149912774206}, "10": {"paths": [[2547776, 2547776, 2547776, 2547776, 2547776, 2547776, 2547776, 2547776, 2547776, 2547776, 2547776, 2547776, 2547776, 2547776], [8233, 8233, 8233, 8233, 8233, 8233, 8233, 8233, 8233, 8233, 8233, 8233, 8233, 8233], [1704143, 1704143, 1704143, 1704143, 1704143, 1704143, 1704143, 1704143, 1704143, 1704143, 1704143, 1704143, 1704143, 1704143], [82229, 82229, 82229, 82229, 82229, 82229, 82229, 82229, 82229, 82229, 82229, 82229, 82229, 82229], [98326, 98326, 98326, 98326, 98326, 98326, 98326, 98326, 98326, 98326, 98326, 98326, 98326, 98326], [89, 89, 89, 89, 89, 89, 89, 89, 89, 89, 89, 89, 89, 89], [32795, 32795, 32795, 32795, 32795, 32795, 32795, 32795, 32795, 32795, 32795, 32795, 32795, 32795], [16444, 16444, 16444, 16444, 16444, 16444, 16444, 16444, 16444, 16444, 16444, 16444, 16444, 16444], [16447, 16447, 16447, 16447, 16447, 16447, 16447, 16447, 16447, 16447, 16447, 16447, 16447, 16447], [106591, 106591, 106591, 106591, 106591, 106591, 106591, 106591, 106591, 106591, 106591, 106591, 106591, 106591]], "objective": 1.7770865485116991}}