{"1": {"3": {"paths": [[1863114, 2521232, 2626728, 2521229, 2653323, 2547810, 2311459, 1097361, 1281941, 2705933, 1863118, 131949, 2521232, 2285133], [2732535, 2732535, 754995, 1202662, 2258486, 2653323, 2679509, 2574276, 2574283, 2653323, 2285184, 2679587, 2679587, 2416433], [2732583, 2706030, 2495059, 2732528, 2732528, 2732528, 2732528, 1044744, 122585, 2732583, 2732583, 2732583, 2706030, 2074383]], "objective": 2.9451215752904827}, "5": {"paths": [[2494984, 2285133, 2574282, 50604, 2021744, 1466724, 2626728, 2390131, 2179869, 74647, 2600238, 54832, 2021744, 57460], [2468664, 2468664, 2206279, 2732535, 2732535, 2468583, 2626710, 2732535, 2626710, 2416337, 134886, 2705923, 2653260, 2442467], [2732583, 2706026, 2127195, 2732528, 2732510, 2732528, 2653361, 2600280, 2547839, 2364034, 2732575, 2706030, 2653361, 2600280], [2732535, 2732535, 2732535, 2732535, 2732535, 2574269, 2285179, 1651526, 2547876, 1889596, 74647, 2100770, 2442467, 2416433], [2732583, 2732583, 2732583, 2732583, 2732583, 2732583, 2732583, 2732583, 2653366, 2732583, 2732583, 2732583, 2732583, 2732583]], "objective": 2.399129823065053}, "10": {"paths": [[1149572, 1809970, 1334708, 2521329, 49206, 2521228, 2311433, 2127148, 2574240, 134126, 2547806, 1123502, 1942475, 2074382], [2521229, 1889598, 104316, 2574278, 2100772, 115004, 2706020, 2442482, 2706020, 2547876, 2626820, 1044740, 115374, 2679585], [2706030, 1651480, 1334705, 1202599, 2600227, 1995275, 991863, 2705974, 2653307, 135001, 135001, 2653307, 2653307, 134886], [438495, 912599, 2679509, 438498, 438498, 2705922, 2258469, 2127136, 2626742, 2732509, 2732509, 2732509, 1809970, 1889554], [2600237, 34429, 17097, 2390173, 2705941, 2653280, 132716, 965378, 2705918, 2705922, 115840, 1308345, 1863113, 77883], [2732562, 2732562, 2521316, 2442491, 1176136, 2653361, 2706030, 2732583, 2653366, 2547907, 2653366, 2364037, 2442491, 2547912], [2653311, 2600299, 2653311, 2653311, 2653311, 2521290, 42229, 2521290, 2653311, 2653311, 2285181, 53820, 126813, 2653311], [2679587, 2706020, 2732575, 2706030, 2732575, 2364016, 2732575, 1572290, 2468705, 2206333, 2547907, 1519618, 2732528, 1229289], [2705953, 124074, 2705953, 2705953, 2705953, 2705953, 2705953, 2653274, 2705953, 2705953, 2705953, 2705953, 2705953, 2653274], [2732509, 131227, 2732509, 2732510, 2285126, 2258469, 131828, 2705918, 2705922, 2705923, 2732488, 2705933, 2653281, 2574234]], "objective": 1.149584971020359}}, "3": {"3": {"paths": [[1968881, 2626728, 2337742, 135791, 73846, 2626728, 97748, 1360907, 385972, 2521228, 1651461, 115365, 2311459, 2494961], [2732535, 2732535, 2679509, 2258514, 2732528, 2653260, 2732535, 1651526, 2732535, 2732535, 2547884, 2732575, 2732528, 2732528], [2732528, 2732583, 2732528, 2732583, 2732583, 2732583, 2732583, 2732528, 2732562, 2732583, 2732583, 2732583, 2653338, 2547884]], "objective": 2.7821152731621157}, "5": {"paths": [[2653281, 1809960, 2337742, 2416397, 2074415, 1916189, 134005, 2311459, 859990, 1493101, 2337775, 1097383, 2311433, 1942475], [702063, 2679509, 2732510, 2679585, 438495, 2705922, 912599, 2732535, 912599, 2047840, 2468583, 2574276, 2574269, 2100762], [2732575, 2732575, 2574276, 2732488, 2732510, 2706020, 2732528, 2732501, 2732501, 131099, 2732575, 2732575, 2732575, 2706039], [2732510, 2732488, 2653307, 131099, 2732575, 2285179, 2732575, 2732583, 2706039, 2732575, 2732528, 2732510, 2732528, 2705953], [2732583, 2706026, 2732583, 2732583, 2732583, 2732583, 2732583, 2705953, 2732583, 2732583, 2732575, 2732488, 2732575, 2285179]], "objective": 1.973577656064273}, "10": {"paths": [[306962, 2047805, 2521329, 781274, 2626820, 2521228, 1097383, 2521228, 56513, 2732510, 2732509, 2574240, 201425, 2626770], [135791, 135409, 2732488, 2732510, 1202599, 2732575, 2442491, 1334755, 2574269, 2574283, 2626820, 1071146, 2706020, 129127], [2626770, 2468594, 2732510, 2179861, 134711, 2705918, 1625076, 2574269, 2232398, 2179861, 1730651, 2600230, 2732535, 2732488], [2547857, 2179855, 2574278, 2653338, 2574278, 2732528, 2732488, 2705941, 2074364, 2732509, 2705918, 2732535, 2679512, 2547857], [1757310, 2732528, 2732501, 74336, 2653311, 2653338, 2547895, 2468594, 1229151, 1651506, 2732562, 1704201, 2732510, 123144], [912599, 2100772, 2127193, 2732583, 2732583, 2732562, 2653338, 2732575, 2706039, 2653338, 2705977, 2653338, 2574278, 2706030], [135252, 2732488, 2547820, 2732501, 2732501, 2732528, 2732510, 2732583, 128489, 2706030, 2732575, 2732509, 2732575, 2468706], [2732583, 2732562, 2732583, 2732562, 2732562, 1281992, 82537, 2626710, 2732535, 2705918, 2732535, 2732535, 2732488, 2442427], [2653338, 2732535, 2653311, 2732535, 2732535, 2732535, 2732535, 2653311, 2732535, 2732535, 2732535, 2732535, 2653311, 2679587], [2732583, 127991, 2732583, 2732583, 2732583, 2732583, 2732528, 2494999, 2732528, 2732583, 2732583, 2732583, 2732528, 2494999]], "objective": 1.0780795749342864}}, "5": {"3": {"paths": [[1968881, 2626728, 2337742, 135791, 73846, 2626728, 97748, 1360907, 385972, 2521228, 1651461, 115365, 2311459, 2494961], [2732535, 2732535, 2732535, 2258514, 2732528, 2679509, 2732535, 1651526, 2732535, 2732535, 2547884, 2732583, 2732535, 2732528], [2732528, 2732583, 2732528, 2732583, 2732583, 2732583, 2732583, 2732528, 2732562, 2732583, 2732583, 2732583, 2732528, 2547884]], "objective": 2.7821152731621157}, "5": {"paths": [[1176071, 2363976, 2626760, 2363976, 728600, 1334708, 70270, 1730712, 91203, 2494984, 2311433, 17109, 2100792, 333417], [2732562, 174998, 2679587, 2521309, 2732535, 2732562, 2047840, 2705977, 596644, 2653323, 56823, 2232373, 2732535, 2416387], [2732535, 2732562, 2732535, 2705922, 2732562, 2705922, 2732583, 2732501, 2285220, 2705922, 2732575, 2732535, 2732528, 2574269], [2732501, 2705922, 2732509, 2732510, 2468590, 2732535, 2285124, 2732562, 2442376, 2732535, 2732510, 2732583, 2547884, 2706039], [2732583, 2705953, 2732583, 2732583, 2732583, 2732583, 2732583, 2705953, 2732510, 2732510, 2732583, 2732583, 2732583, 2732488]], "objective": 1.7296809586157191}, "10": {"paths": [[306962, 2047805, 2521329, 781274, 2626820, 2521228, 1097383, 2521228, 56513, 2732510, 2732509, 2574240, 201425, 2626770], [135791, 135409, 2732488, 2732510, 1202599, 2732575, 2442491, 912599, 2574269, 2574283, 2626820, 1071146, 2706020, 129127], [2705953, 912599, 2732510, 2179861, 134711, 2732528, 1625076, 1334755, 2074364, 2468594, 1730651, 2600230, 2732535, 2732488], [1757310, 2732528, 2653338, 2653338, 2653311, 2705918, 2732488, 2705941, 2232398, 2574269, 2705977, 2732535, 2732510, 2547857], [2547857, 2468594, 2653274, 1968859, 2574278, 2732562, 2706026, 2732575, 1229151, 2732528, 2705918, 2732509, 2232298, 1968859], [2547797, 991961, 2653311, 2732562, 2732501, 2653338, 2732510, 2705922, 2706039, 2732509, 2732562, 1704201, 2732562, 2706030], [135252, 2179855, 2732575, 2732583, 2732583, 2206275, 2705918, 2653311, 134301, 2653338, 2732583, 2653338, 2653311, 2468706], [2732583, 127991, 2732583, 2732501, 2732583, 2732583, 2574278, 2494999, 2732583, 2705918, 2732583, 2732583, 2732583, 2442427], [2653338, 2732583, 2732583, 2732583, 2732583, 2732583, 2732583, 2732583, 2732583, 2732583, 2732583, 2732583, 2732583, 2679587], [2732583, 2732583, 2732583, 2732583, 2732583, 2732583, 2732583, 2732583, 2732583, 2732583, 2732583, 2732583, 2732583, 2494999]], "objective": 1.0784835278304343}}}