{"cover": {"paths": [[1176071, 2363976, 2626760, 2363976, 728600, 1334708, 2100792, 1730712, 91203, 2494984, 2311433, 17109, 2100792, 333417], [2732562, 174998, 2679587, 2521309, 2732535, 2732562, 2047840, 2705977, 596644, 2653323, 56823, 2232373, 2732535, 2416387], [2732535, 2732562, 2732535, 2705922, 2732562, 2705922, 2732583, 2732501, 2285220, 2705922, 2732575, 2732535, 2732528, 2574269], [2732501, 2705922, 2732509, 2732510, 2468590, 2732535, 2285124, 2732562, 2442376, 2732535, 2732510, 2732583, 2547884, 2706039], [2732583, 2705953, 2732583, 2732583, 2732583, 2732583, 2732583, 2705953, 2732510, 2732510, 2732583, 2732583, 2732583, 2732488]], "obj_list": [0.09392624795799141, 0.15406940498650507, 0.17763684565926582, 0.22081801273029852, 0.3042190269781065, 0.3322944291470926, 0.3554588807774164, 0.36443491450668136, 0.38491280316088594, 0.4022777525159176, 0.40553471730599244, 0.41594499647108735, 0.4488104718581518, 0.46537407694928223, 0.47826871649448394, 0.48813931069045247, 0.5023454395569079, 0.5287393024044896, 0.5600072951720938, 0.5742347769121247, 0.5884095627215941, 0.5985574401848511, 0.6339969163906315, 0.6416906066873689, 0.6609584618638167, 0.6726201010521227, 0.678113557091235, 0.6911313104262895, 0.6953849603590884, 0.7113902633684812, 0.7238867233769641, 0.7412012981627065, 0.7654536876848494, 0.790100547393233, 0.7973934049139874, 0.8031837749567925, 0.8272608705506993, 0.84105265908551, 0.8560323292831115, 0.8606203032473068, 0.8843776926646506, 0.8935814509459196, 0.917909335635867, 0.925375624296445, 0.9307735083060883, 0.9505835573737555, 0.9641644849183699, 0.9747161457843102, 0.982049967518632, 0.9831856264029702, 1.000538376649737, 1.0190457514734133, 1.0274098517692176, 1.0318060047031477, 1.0475746509786916, 1.059976073699991, 1.0861055151080092, 1.1162872342924648, 1.1444767566781304, 1.1500345204107405, 1.1644521029555663, 1.1759686193126053, 1.1824409435704997, 1.193452428766779, 1.2013010286719183, 1.212062604909009, 1.2291281414150081, 1.2331349414895645, 1.2509113990520324, 1.2643708505305287, 1.3017224277204023, 1.3152996731819935, 1.3188174666450325, 1.3377984829326774, 1.3385153256069438, 1.3475369525086291, 1.3535095086950233, 1.367694725729614, 1.3877742976166374, 1.4040204361573665, 1.4122380457774186, 1.4161985537122548, 1.4280680515003756, 1.4385763645794194, 1.4569275320240502, 1.4773436424305153, 1.4893224713166309, 1.5010028506357593, 1.5156008604773197, 1.5217500038694285, 1.5414170521245856, 1.5690949398198084, 1.6100464684927493, 1.644760604272658, 1.6698656709275006, 1.682925615938079, 1.6891579706292228, 1.7074027315403175, 1.715601251383401, 1.7296809586157191]}, "supplier": {"paths": [[1176071, 2363976, 2626760, 2363976, 728600, 1334708, 2100792, 1730712, 91203, 2494984, 2311433, 17109, 2100792, 333417], [2732562, 174998, 2679587, 2521309, 2732535, 2732562, 2047840, 2705977, 596644, 2653323, 56823, 2232373, 2732535, 2416387], [2732535, 2732562, 2732535, 2705922, 2732562, 2705922, 2732583, 2732501, 2285220, 2705922, 2732575, 2732535, 2732528, 2574269], [2732501, 2705922, 2732509, 2732510, 2468590, 2732535, 2285124, 2732562, 2442376, 2732535, 2732510, 2732583, 2547884, 2706039], [2732583, 2705953, 2732583, 2732583, 2732583, 2732583, 2732583, 2705953, 2732510, 2732510, 2732583, 2732583, 2732583, 2732488]], "obj_list": [0.16506769375024, 0.2664442834299403, 0.312266459175045, 0.3797103832075691, 0.4033986616301964, 0.41072412479263937, 0.41072412479263937, 0.4208131434797312, 0.4672756535332345, 0.511278902520189, 0.5373202741993949, 0.5564878417029607, 0.6044801777934649, 0.6201654754878184, 0.6287721965567828, 0.6801898877165891, 0.7248739501807276, 0.743300893706768, 0.7598285159881786, 0.7760600332437367, 0.7903049478806783, 0.7972126583794975, 0.8364798354216209, 0.8439009241030219, 0.8565476035184821, 0.8721023935762682, 0.9171005825263672, 0.9306955617687922, 0.944100184155445, 0.9547329267973779, 0.9865317807714977, 0.9954296230058792, 1.0181225993218699, 1.046028974845887, 1.0620438190183286, 1.0884405817641711, 1.1003391041119293, 1.1240019151352236, 1.1407339482404875, 1.148762103261555, 1.180430580709861, 1.2011512622736944, 1.2342605175740968, 1.2411282129916577, 1.2672874660344822, 1.2982163920901333, 1.320016867339394, 1.3233318269683976, 1.3376222352085885, 1.3589416845554303, 1.3653467591952337, 1.3892255817586328, 1.4191214972049446, 1.427518830417884, 1.429409895941131, 1.4424748945400951, 1.463619308600816, 1.4768254936753034, 1.4961407444670274, 1.5192210492806082, 1.5277498505776697, 1.5366486983829424, 1.5637007232800442, 1.5907168646893355, 1.603369453380573, 1.622188221979527, 1.6241380277849573, 1.6343832808375982, 1.6537717003721262, 1.6641086689107119, 1.6792513938197058, 1.6968163595203634, 1.7158633254468663, 1.739110730418421, 1.7405551885132606, 1.76457090679378, 1.7995976785995351, 1.8063458461143336, 1.8177838335817058, 1.8318307219808758, 1.849960970947027, 1.872787886084977, 1.8943344791812835, 1.9137350870139687, 1.9196469823006297, 1.93519362108289, 1.9712533665186283, 2.0060880599855544, 2.0243451043958025, 2.0623173420945364, 2.077847124610932, 2.1088199085546298, 2.133055634615916, 2.158971156445115, 2.1971278062939312, 2.2306733833696715, 2.250367847844268, 2.356574028322786, 2.468988100982897, 3.2215577715869372]}, "percentile_list": [0, 1, 2, 3, 4, 5, 6, 7, 8, 9, 10, 11, 12, 13, 14, 15, 16, 17, 18, 19, 20, 21, 22, 23, 24, 25, 26, 27, 28, 29, 30, 31, 32, 33, 34, 35, 36, 37, 38, 39, 40, 41, 42, 43, 44, 45, 46, 47, 48, 49, 50, 51, 52, 53, 54, 55, 56, 57, 58, 59, 60, 61, 62, 63, 64, 65, 66, 67, 68, 69, 70, 71, 72, 73, 74, 75, 76, 77, 78, 79, 80, 81, 82, 83, 84, 85, 86, 87, 88, 89, 90, 91, 92, 93, 94, 95, 96, 97, 98, 99, 100]}