{"cover": {"paths": [[306962, 2047805, 2521329, 781274, 2626820, 2521228, 1097383, 2521228, 56513, 2732510, 2732509, 2574240, 201425, 2626770], [135791, 135409, 2732488, 2732510, 1202599, 2732575, 2442491, 912599, 2574269, 2574283, 2626820, 1071146, 2706020, 129127], [2705953, 912599, 2732510, 2179861, 134711, 2732528, 1625076, 1334755, 2074364, 2468594, 1730651, 2600230, 2732535, 2732488], [1757310, 2732528, 2653338, 2653338, 2653311, 2705918, 2732488, 2705941, 2232398, 2574269, 2705977, 2732535, 2732510, 2547857], [2547857, 2468594, 2653274, 1968859, 2574278, 2732562, 2706026, 2732575, 1229151, 2732528, 2705918, 2732509, 2232298, 1968859], [2547797, 991961, 2653311, 2732562, 2732501, 2653338, 2732510, 2705922, 2706039, 2732509, 2732562, 1704201, 2732562, 2706030], [135252, 2179855, 2732575, 2732583, 2732583, 2206275, 2705918, 2653311, 134301, 2653338, 2732583, 2653338, 2653311, 2468706], [2732583, 127991, 2732583, 2732501, 2732583, 2732583, 2574278, 2494999, 2732583, 2705918, 2732583, 2732583, 2732583, 2442427], [2653338, 2732583, 2732583, 2732583, 2732583, 2732583, 2732583, 2732583, 2732583, 2732583, 2732583, 2732583, 2732583, 2679587], [2732583, 2732583, 2732583, 2732583, 2732583, 2732583, 2732583, 2732583, 2732583, 2732583, 2732583, 2732583, 2732583, 2494999]], "obj_list": [0.07261995209825163, 0.11796471472627719, 0.15680501006318334, 0.1763271487350889, 0.214260276957275, 0.23809667019049574, 0.25542299860114454, 0.2926867023157926, 0.32626377829943787, 0.3446627750797544, 0.35518232037473396, 0.3733188955822357, 0.379928561882567, 0.39353378447344173, 0.4091540895067341, 0.4214800381331947, 0.43337016059088473, 0.447904828049552, 0.46433758812612247, 0.47392358942990587, 0.47880018772184074, 0.4872201730533083, 0.4960046906291716, 0.5023454395569079, 0.5127578381061132, 0.5289478377282473, 0.5428962548845796, 0.5474588404624401, 0.5520243268389062, 0.5623219363608858, 0.5633947576537209, 0.5743826026842002, 0.5919886378037821, 0.6013411753989731, 0.6096483397182533, 0.6225906752310508, 0.6306507557064349, 0.6387257375141496, 0.6439145916580863, 0.6511854715048582, 0.6656735304675261, 0.6734755626931, 0.6813183398844679, 0.6888859043396114, 0.6985865240928952, 0.7083316232513116, 0.7132132052669786, 0.7258068551581012, 0.742127526832697, 0.7517246675177179, 0.758168432046628, 0.7628708907983417, 0.7666535627911677, 0.7717907134531127, 0.7823180496867024, 0.7882790583588151, 0.8017149218519357, 0.8119367502319111, 0.8214133309881714, 0.8279109620831792, 0.8320013473614795, 0.8385402926446105, 0.8425812628940302, 0.8512214077629134, 0.8570129312235143, 0.8697112676716109, 0.8776098211143171, 0.884440893188446, 0.8928640424776338, 0.897277025984873, 0.908835164947458, 0.9186221280559895, 0.9307148580181315, 0.9346020591443961, 0.9413322107861222, 0.9479402890872222, 0.9510612233511823, 0.9569101640823346, 0.9594144276710471, 0.9667964336541192, 0.9757605250375204, 0.9797399831412906, 0.9813280359157232, 0.9878628839221972, 0.9939434095030708, 0.9945433732610862, 0.9986087379278092, 1.005654472144856, 1.0128146864240792, 1.0195988644630112, 1.0223168039569215, 1.027803766315869, 1.031633752685664, 1.034897901696021, 1.0436300473634628, 1.048022980437509, 1.057433976628891, 1.0677607439244963, 1.0775653219855694, 1.0784835278304343]}, "supplier": {"paths": [[306962, 2047805, 2521329, 781274, 2626820, 2521228, 1097383, 2521228, 56513, 2732510, 2732509, 2574240, 201425, 2626770], [135791, 135409, 2732488, 2732510, 1202599, 2732575, 2442491, 912599, 2574269, 2574283, 2626820, 1071146, 2706020, 129127], [2705953, 912599, 2732510, 2179861, 134711, 2732528, 1625076, 1334755, 2074364, 2468594, 1730651, 2600230, 2732535, 2732488], [1757310, 2732528, 2653338, 2653338, 2653311, 2705918, 2732488, 2705941, 2232398, 2574269, 2705977, 2732535, 2732510, 2547857], [2547857, 2468594, 2653274, 1968859, 2574278, 2732562, 2706026, 2732575, 1229151, 2732528, 2705918, 2732509, 2232298, 1968859], [2547797, 991961, 2653311, 2732562, 2732501, 2653338, 2732510, 2705922, 2706039, 2732509, 2732562, 1704201, 2732562, 2706030], [135252, 2179855, 2732575, 2732583, 2732583, 2206275, 2705918, 2653311, 134301, 2653338, 2732583, 2653338, 2653311, 2468706], [2732583, 127991, 2732583, 2732501, 2732583, 2732583, 2574278, 2494999, 2732583, 2705918, 2732583, 2732583, 2732583, 2442427], [2653338, 2732583, 2732583, 2732583, 2732583, 2732583, 2732583, 2732583, 2732583, 2732583, 2732583, 2732583, 2732583, 2679587], [2732583, 2732583, 2732583, 2732583, 2732583, 2732583, 2732583, 2732583, 2732583, 2732583, 2732583, 2732583, 2732583, 2494999]], "obj_list": [0.12659558036517554, 0.18377145818599275, 0.19413867052841438, 0.23410190951324222, 0.2652891980208743, 0.27960473568573896, 0.2967280162862004, 0.30696732475662586, 0.3255892513893383, 0.3459438804088877, 0.351403430768069, 0.363570074493001, 0.38816164265397934, 0.4048725084469023, 0.40732836594768157, 0.41072412479263937, 0.42754126194734116, 0.4445836148728765, 0.458350854097559, 0.4672756535332345, 0.48112783813327287, 0.4847950768003894, 0.5067450268023888, 0.5180455069488366, 0.5250068376521101, 0.5387191177856865, 0.5447478603911556, 0.5577763054743756, 0.565324364480585, 0.570393392865697, 0.5833250919240712, 0.595918371654257, 0.6002242864380627, 0.6083892607252419, 0.6226615562510491, 0.6245755855039787, 0.6308805268559294, 0.6428485434350637, 0.6464413012849016, 0.6586783862366283, 0.6787259473513255, 0.6839195803696576, 0.6862671030523183, 0.695931520185085, 0.7031438213152308, 0.7078172975312901, 0.7226666661447294, 0.7313210518063911, 0.7391181774048953, 0.7535506561724686, 0.7717517496043034, 0.7818390803438906, 0.7852947466527309, 0.7943819576876066, 0.8032222761689249, 0.823374299102158, 0.8310900185139473, 0.8393373200888032, 0.8487957650397329, 0.8587247109937355, 0.8734650160733647, 0.881108229586448, 0.8924951186795657, 0.9039811964902741, 0.9141772809632951, 0.9243795352564064, 0.9379536665491952, 0.9478433495622046, 0.96130248996939, 0.9672850268490638, 0.9781933466057613, 0.9887386502136435, 1.005024186163534, 1.0241891142596422, 1.0324690158090113, 1.0467624012262924, 1.0502140868712744, 1.066780546814461, 1.086426821770606, 1.0933815643774687, 1.1209195389645308, 1.1298625453360032, 1.140289277015658, 1.1423006748988647, 1.1690065386060569, 1.1795694771975243, 1.193974254739328, 1.2072131743631824, 1.2320251398048958, 1.2378772100099145, 1.2534827100112766, 1.293465325241342, 1.3068015693615653, 1.3917682098052209, 1.466611330753951, 1.4882576057957724, 1.5222269618697963, 1.5556350334907976, 1.577736030198418, 1.7770865485116991]}, "percentile_list": [0, 1, 2, 3, 4, 5, 6, 7, 8, 9, 10, 11, 12, 13, 14, 15, 16, 17, 18, 19, 20, 21, 22, 23, 24, 25, 26, 27, 28, 29, 30, 31, 32, 33, 34, 35, 36, 37, 38, 39, 40, 41, 42, 43, 44, 45, 46, 47, 48, 49, 50, 51, 52, 53, 54, 55, 56, 57, 58, 59, 60, 61, 62, 63, 64, 65, 66, 67, 68, 69, 70, 71, 72, 73, 74, 75, 76, 77, 78, 79, 80, 81, 82, 83, 84, 85, 86, 87, 88, 89, 90, 91, 92, 93, 94, 95, 96, 97, 98, 99, 100]}