{"cover": {"paths": [[306962, 2047805, 2521329, 781274, 2626820, 2521228, 1097383, 2521228, 56513, 2732510, 2732509, 2574240, 201425, 2626770], [135791, 135409, 2732488, 2732510, 1202599, 2732575, 2442491, 1334755, 2574269, 2574283, 2626820, 1071146, 2706020, 129127], [2626770, 2468594, 2732510, 2179861, 134711, 2705918, 1625076, 2574269, 2232398, 2179861, 1730651, 2600230, 2732535, 2732488], [2547857, 2179855, 2574278, 2653338, 2574278, 2732528, 2732488, 2705941, 2074364, 2732509, 2705918, 2732535, 2679512, 2547857], [1757310, 2732528, 2732501, 74336, 2653311, 2653338, 2547895, 2468594, 1229151, 1651506, 2732562, 1704201, 2732510, 123144], [912599, 2100772, 2127193, 2732583, 2732583, 2732562, 2653338, 2732575, 2706039, 2653338, 2705977, 2653338, 2574278, 2706030], [135252, 2732488, 2547820, 2732501, 2732501, 2732528, 2732510, 2732583, 128489, 2706030, 2732575, 2732509, 2732575, 2468706], [2732583, 2732562, 2732583, 2732562, 2732562, 1281992, 82537, 2626710, 2732535, 2705918, 2732535, 2732535, 2732488, 2442427], [2653338, 2732535, 2653311, 2732535, 2732535, 2732535, 2732535, 2653311, 2732535, 2732535, 2732535, 2732535, 2653311, 2679587], [2732583, 127991, 2732583, 2732583, 2732583, 2732583, 2732528, 2494999, 2732528, 2732583, 2732583, 2732583, 2732528, 2494999]], "obj_list": [0.06905708767072655, 0.09842955150241953, 0.14878732662237582, 0.16170897162604259, 0.17587787958203646, 0.18634243947159707, 0.21839304084091496, 0.25009855961748406, 0.2667625433311294, 0.30998271273418565, 0.32521453513493664, 0.3326936284030169, 0.34978531604506524, 0.3636869300208009, 0.3733188955822357, 0.39319161173358613, 0.4022777525159176, 0.4133688627346056, 0.4252936364887315, 0.43371593012530857, 0.447904828049552, 0.46433758812612247, 0.4769464643918719, 0.48430477534876615, 0.48785434869414557, 0.4991580575766338, 0.5061498375537001, 0.5215504868344946, 0.530392528870464, 0.5435558944232237, 0.552164360918628, 0.5623219363608858, 0.5630811009072577, 0.5740622069696244, 0.5856348449732336, 0.5944341836233809, 0.6056140661308457, 0.6078787038707819, 0.6237715340532728, 0.6294207657018497, 0.6387257375141496, 0.6496636540290776, 0.6569558925602043, 0.6622085110687939, 0.6726201010521227, 0.6763561838527605, 0.684485826532589, 0.6888859043396114, 0.6984252458566919, 0.7029174676317862, 0.7092163761486071, 0.7223538756131448, 0.7355527320273878, 0.7402397918279424, 0.7517246675177179, 0.758168432046628, 0.7635783196966055, 0.7664565343456206, 0.7731174952784668, 0.7844318793696121, 0.7971926757787934, 0.8017149218519357, 0.8152438418951674, 0.8259516341284167, 0.8302953996837931, 0.8328138056195817, 0.8388251474067139, 0.846676960665807, 0.8521422956272583, 0.8697112676716109, 0.8828796230055322, 0.8860430179487163, 0.8964867093396578, 0.9072798939987524, 0.9186221280559895, 0.9288447185971523, 0.9330105059357725, 0.9414933993880202, 0.950542146231718, 0.9564454491289628, 0.960320719017711, 0.9695367179415375, 0.9730967635485998, 0.9796019237393981, 0.9865168878351867, 0.991424940766309, 0.9943504746642052, 0.9986087379278092, 1.007184668872804, 1.0139327377293468, 1.0195988644630112, 1.0247048959133584, 1.0281490778991196, 1.034125093442144, 1.042409638263609, 1.0462950555803028, 1.0510644437904957, 1.0604981990405637, 1.0720844373874132, 1.0780795749342864]}, "supplier": {"paths": [[306962, 2047805, 2521329, 781274, 2626820, 2521228, 1097383, 2521228, 56513, 2732510, 2732509, 2574240, 201425, 2626770], [135791, 135409, 2732488, 2732510, 1202599, 2732575, 2442491, 1334755, 2574269, 2574283, 2626820, 1071146, 2706020, 129127], [2626770, 2468594, 2732510, 2179861, 134711, 2705918, 1625076, 2574269, 2232398, 2179861, 1730651, 2600230, 2732535, 2732488], [2547857, 2179855, 2574278, 2653338, 2574278, 2732528, 2732488, 2705941, 2074364, 2732509, 2705918, 2732535, 2679512, 2547857], [1757310, 2732528, 2732501, 74336, 2653311, 2653338, 2547895, 2468594, 1229151, 1651506, 2732562, 1704201, 2732510, 123144], [912599, 2100772, 2127193, 2732583, 2732583, 2732562, 2653338, 2732575, 2706039, 2653338, 2705977, 2653338, 2574278, 2706030], [135252, 2732488, 2547820, 2732501, 2732501, 2732528, 2732510, 2732583, 128489, 2706030, 2732575, 2732509, 2732575, 2468706], [2732583, 2732562, 2732583, 2732562, 2732562, 1281992, 82537, 2626710, 2732535, 2705918, 2732535, 2732535, 2732488, 2442427], [2653338, 2732535, 2653311, 2732535, 2732535, 2732535, 2732535, 2653311, 2732535, 2732535, 2732535, 2732535, 2653311, 2679587], [2732583, 127991, 2732583, 2732583, 2732583, 2732583, 2732528, 2494999, 2732528, 2732583, 2732583, 2732583, 2732528, 2494999]], "obj_list": [0.12659558036517554, 0.18377145818599275, 0.19413867052841438, 0.23410190951324222, 0.2652891980208743, 0.27960473568573896, 0.2967280162862004, 0.30696732475662586, 0.3255892513893383, 0.3459438804088877, 0.351403430768069, 0.363570074493001, 0.38816164265397934, 0.4048725084469023, 0.40732836594768157, 0.41072412479263937, 0.42754126194734116, 0.4445836148728765, 0.458350854097559, 0.4672756535332345, 0.48112783813327287, 0.4847950768003894, 0.5067450268023888, 0.5180455069488366, 0.5250068376521101, 0.5387191177856865, 0.5447478603911556, 0.5577763054743756, 0.565324364480585, 0.570393392865697, 0.5833250919240712, 0.595918371654257, 0.6002242864380627, 0.6083892607252419, 0.6226615562510491, 0.6245755855039787, 0.6308805268559294, 0.6428485434350637, 0.6464413012849016, 0.6586783862366283, 0.6787259473513255, 0.6839195803696576, 0.6862671030523183, 0.695931520185085, 0.7031438213152308, 0.7078172975312901, 0.7226666661447294, 0.7313210518063911, 0.7391181774048953, 0.7535506561724686, 0.7717517496043034, 0.7818390803438906, 0.7852947466527309, 0.7943819576876066, 0.8032222761689249, 0.823374299102158, 0.8310900185139473, 0.8393373200888032, 0.8487957650397329, 0.8587247109937355, 0.8734650160733647, 0.881108229586448, 0.8924951186795657, 0.9039811964902741, 0.9141772809632951, 0.9243795352564064, 0.9379536665491952, 0.9478433495622046, 0.96130248996939, 0.9672850268490638, 0.9781933466057613, 0.9887386502136435, 1.005024186163534, 1.0241891142596422, 1.0324690158090113, 1.0467624012262924, 1.0502140868712744, 1.066780546814461, 1.086426821770606, 1.0933815643774687, 1.1209195389645308, 1.1298625453360032, 1.140289277015658, 1.1423006748988647, 1.1690065386060569, 1.1795694771975243, 1.193974254739328, 1.2072131743631824, 1.2320251398048958, 1.2378772100099145, 1.2534827100112766, 1.293465325241342, 1.3068015693615653, 1.3917682098052209, 1.466611330753951, 1.4882576057957724, 1.5222269618697963, 1.5556350334907976, 1.577736030198418, 1.7770865485116991]}, "percentile_list": [0, 1, 2, 3, 4, 5, 6, 7, 8, 9, 10, 11, 12, 13, 14, 15, 16, 17, 18, 19, 20, 21, 22, 23, 24, 25, 26, 27, 28, 29, 30, 31, 32, 33, 34, 35, 36, 37, 38, 39, 40, 41, 42, 43, 44, 45, 46, 47, 48, 49, 50, 51, 52, 53, 54, 55, 56, 57, 58, 59, 60, 61, 62, 63, 64, 65, 66, 67, 68, 69, 70, 71, 72, 73, 74, 75, 76, 77, 78, 79, 80, 81, 82, 83, 84, 85, 86, 87, 88, 89, 90, 91, 92, 93, 94, 95, 96, 97, 98, 99, 100]}