{"cover": {"paths": [[1809957, 1995370, 2600356, 2521329, 49206, 2574240, 2311433, 2127148, 2653281, 134126, 2547810, 1123502, 649144, 2074364], [2626728, 2047805, 2653281, 2521228, 1651534, 2074440, 2706020, 2442482, 36856, 2679587, 2626820, 1071146, 728621, 2679585], [2626820, 649194, 306942, 2390164, 2600227, 2705922, 2206279, 2705974, 2653307, 2653257, 135001, 2732535, 2732535, 2285120], [1149572, 2285133, 1625086, 2653338, 126813, 2285184, 1836965, 2732509, 2653274, 2732509, 2732509, 2732509, 2732510, 2626728], [2547857, 2179855, 2547857, 1968859, 2679516, 2047809, 2600237, 2705922, 2705918, 2705922, 2705918, 2732488, 2390131, 781228], [1968859, 90175, 1995296, 2732528, 2732501, 2705933, 2285184, 2732575, 2600360, 2706030, 2653366, 1704201, 2732583, 2732583], [2732583, 2442491, 2732583, 2600360, 1783649, 2547855, 42286, 2521191, 2732535, 2705977, 2705977, 53820, 2679587, 2547912], [2732583, 77543, 2653291, 2732501, 2732528, 2732583, 2732583, 2732583, 2468705, 2732583, 2732583, 2732583, 2732528, 2494999], [2705923, 2732535, 2732535, 2732535, 2705974, 2732488, 2653281, 2494999, 2732528, 2732583, 2732575, 2653338, 133854, 2653338], [2679587, 2732575, 2732583, 2732583, 2732583, 2732583, 2732583, 2732583, 2732583, 2732583, 2732583, 2732583, 2732583, 2732583]], "obj_list": [0.07591162324979232, 0.10521856195775478, 0.1426463399588135, 0.15797335343448954, 0.20179643455899238, 0.22130805762807376, 0.2438369485061682, 0.25619774883782404, 0.2759911116823363, 0.30560007012987234, 0.314087754481134, 0.322874137279687, 0.3367778039005966, 0.3615979376904716, 0.37121027993797895, 0.3804650375524761, 0.3980690323764118, 0.4110693356545743, 0.4258102915301532, 0.44308412709855294, 0.4536426490219683, 0.4591534156593024, 0.46681309646501395, 0.47399602334712276, 0.48430477534876615, 0.49206722761465943, 0.49873844830426173, 0.5023454395569079, 0.5090379702634616, 0.5212232692119994, 0.5335137906301706, 0.5435558944232237, 0.5513153687234105, 0.5654391940770908, 0.5884138182116654, 0.5980587962685168, 0.6061252460559636, 0.6116669466184146, 0.63397956058059, 0.639734528284963, 0.6440358139667345, 0.654388113495992, 0.6641479839382427, 0.6785190653043246, 0.685578961646096, 0.6903101261951057, 0.6951978163510506, 0.7073076161506393, 0.7143586966691555, 0.7201992737683404, 0.7311063279357946, 0.7400718347324212, 0.7513462347568468, 0.7574420609187457, 0.7620089647417686, 0.7668161400089378, 0.7794545628258097, 0.7900136865898607, 0.7970056269188691, 0.8102577496869189, 0.811121657063711, 0.8195429750829702, 0.8269281051307084, 0.8312002076243614, 0.8379456505256445, 0.842141462380744, 0.8500955676769912, 0.8606203032473068, 0.8699659981540563, 0.8827466172061359, 0.9008486271010429, 0.9110333730632326, 0.9227051850829127, 0.9296087578190061, 0.9460033322098609, 0.9559264631914962, 0.9733160647907529, 0.9806606621330788, 0.9896931446399877, 0.9966492091435014, 1.0139059562168553, 1.0222896517977218, 1.0275073162485802, 1.0350760422428786, 1.0437527076703261, 1.0504986605187014, 1.0658371625954441, 1.07786313396361, 1.0859679108816724, 1.0914700218733786, 1.1004015559216198, 1.1070700812893461, 1.1110148275443301, 1.114200805452846, 1.125166021932673, 1.1292018298714026, 1.1323769649196431, 1.1376955907525417, 1.146973130592955, 1.1553312245471887]}, "supplier": {"paths": [[1809957, 1995370, 2600356, 2521329, 49206, 2574240, 2311433, 2127148, 2653281, 134126, 2547810, 1123502, 649144, 2074364], [2626728, 2047805, 2653281, 2521228, 1651534, 2074440, 2706020, 2442482, 36856, 2679587, 2626820, 1071146, 728621, 2679585], [2626820, 649194, 306942, 2390164, 2600227, 2705922, 2206279, 2705974, 2653307, 2653257, 135001, 2732535, 2732535, 2285120], [1149572, 2285133, 1625086, 2653338, 126813, 2285184, 1836965, 2732509, 2653274, 2732509, 2732509, 2732509, 2732510, 2626728], [2547857, 2179855, 2547857, 1968859, 2679516, 2047809, 2600237, 2705922, 2705918, 2705922, 2705918, 2732488, 2390131, 781228], [1968859, 90175, 1995296, 2732528, 2732501, 2705933, 2285184, 2732575, 2600360, 2706030, 2653366, 1704201, 2732583, 2732583], [2732583, 2442491, 2732583, 2600360, 1783649, 2547855, 42286, 2521191, 2732535, 2705977, 2705977, 53820, 2679587, 2547912], [2732583, 77543, 2653291, 2732501, 2732528, 2732583, 2732583, 2732583, 2468705, 2732583, 2732583, 2732583, 2732528, 2494999], [2705923, 2732535, 2732535, 2732535, 2705974, 2732488, 2653281, 2494999, 2732528, 2732583, 2732575, 2653338, 133854, 2653338], [2679587, 2732575, 2732583, 2732583, 2732583, 2732583, 2732583, 2732583, 2732583, 2732583, 2732583, 2732583, 2732583, 2732583]], "obj_list": [0.12659558036517554, 0.18377145818599275, 0.19413867052841438, 0.23410190951324222, 0.2652891980208743, 0.27960473568573896, 0.2967280162862004, 0.30696732475662586, 0.3255892513893383, 0.3459438804088877, 0.351403430768069, 0.363570074493001, 0.38816164265397934, 0.4048725084469023, 0.40732836594768157, 0.41072412479263937, 0.42754126194734116, 0.4445836148728765, 0.458350854097559, 0.4672756535332345, 0.48112783813327287, 0.4847950768003894, 0.5067450268023888, 0.5180455069488366, 0.5250068376521101, 0.5387191177856865, 0.5447478603911556, 0.5577763054743756, 0.565324364480585, 0.570393392865697, 0.5833250919240712, 0.595918371654257, 0.6002242864380627, 0.6083892607252419, 0.6226615562510491, 0.6245755855039787, 0.6308805268559294, 0.6428485434350637, 0.6464413012849016, 0.6586783862366283, 0.6787259473513255, 0.6839195803696576, 0.6862671030523183, 0.695931520185085, 0.7031438213152308, 0.7078172975312901, 0.7226666661447294, 0.7313210518063911, 0.7391181774048953, 0.7535506561724686, 0.7717517496043034, 0.7818390803438906, 0.7852947466527309, 0.7943819576876066, 0.8032222761689249, 0.823374299102158, 0.8310900185139473, 0.8393373200888032, 0.8487957650397329, 0.8587247109937355, 0.8734650160733647, 0.881108229586448, 0.8924951186795657, 0.9039811964902741, 0.9141772809632951, 0.9243795352564064, 0.9379536665491952, 0.9478433495622046, 0.96130248996939, 0.9672850268490638, 0.9781933466057613, 0.9887386502136435, 1.005024186163534, 1.0241891142596422, 1.0324690158090113, 1.0467624012262924, 1.0502140868712744, 1.066780546814461, 1.086426821770606, 1.0933815643774687, 1.1209195389645308, 1.1298625453360032, 1.140289277015658, 1.1423006748988647, 1.1690065386060569, 1.1795694771975243, 1.193974254739328, 1.2072131743631824, 1.2320251398048958, 1.2378772100099145, 1.2534827100112766, 1.293465325241342, 1.3068015693615653, 1.3917682098052209, 1.466611330753951, 1.4882576057957724, 1.5222269618697963, 1.5556350334907976, 1.577736030198418, 1.7770865485116991]}, "percentile_list": [0, 1, 2, 3, 4, 5, 6, 7, 8, 9, 10, 11, 12, 13, 14, 15, 16, 17, 18, 19, 20, 21, 22, 23, 24, 25, 26, 27, 28, 29, 30, 31, 32, 33, 34, 35, 36, 37, 38, 39, 40, 41, 42, 43, 44, 45, 46, 47, 48, 49, 50, 51, 52, 53, 54, 55, 56, 57, 58, 59, 60, 61, 62, 63, 64, 65, 66, 67, 68, 69, 70, 71, 72, 73, 74, 75, 76, 77, 78, 79, 80, 81, 82, 83, 84, 85, 86, 87, 88, 89, 90, 91, 92, 93, 94, 95, 96, 97, 98, 99, 100]}