{"cover": {"paths": [[2653281, 1809960, 2337742, 2416397, 2074415, 1916189, 134005, 2311459, 859990, 1493101, 2337775, 1097383, 2311433, 1942475], [702063, 2679509, 2732510, 2679585, 438495, 2705922, 912599, 2732535, 912599, 2047840, 2468583, 2574276, 2574269, 2100762], [2732575, 2732575, 2574276, 2732488, 2732510, 2706020, 2732528, 2732501, 2732501, 131099, 2732575, 2732575, 2732575, 2706039], [2732510, 2732488, 2653307, 131099, 2732575, 2285179, 2732575, 2732583, 2706039, 2732575, 2732528, 2732510, 2732528, 2705953], [2732583, 2706026, 2732583, 2732583, 2732583, 2732583, 2732583, 2705953, 2732583, 2732583, 2732575, 2732488, 2732575, 2285179]], "obj_list": [0.1239025970598511, 0.15054297905609051, 0.17758457176793613, 0.21960362225983124, 0.24717848584818553, 0.28658587417106846, 0.32239416122773085, 0.34355709058648315, 0.3574447149594486, 0.37527138236724966, 0.3912464858306952, 0.4038192978637988, 0.442409054481907, 0.45612708016559955, 0.4753311635074202, 0.4896997213587026, 0.530392528870464, 0.532020164466986, 0.5514514716667172, 0.5674251830892956, 0.5792089562343001, 0.5896698044866954, 0.6026072970435127, 0.6152916247417209, 0.6291744772079346, 0.6490910969119585, 0.6576142860962344, 0.6657685137852002, 0.6779396788807629, 0.6839258684251397, 0.6984252458566919, 0.7133781369246908, 0.7207640707972703, 0.742127526832697, 0.7591423287026736, 0.7642233556901438, 0.7674317849113155, 0.7797656165537401, 0.7897346496588709, 0.8020030555189609, 0.8138674138641567, 0.8261900028746866, 0.836332330038516, 0.8450824640057566, 0.8570433638948037, 0.8697112676716109, 0.8828889789803831, 0.9008486271010429, 0.9223125429586747, 0.9290900838781515, 0.9452008599241851, 0.9568730292894349, 0.9874127958914415, 1.0036626236729278, 1.012632099768962, 1.020001558555177, 1.0298017359287999, 1.0435966222309045, 1.0608206433429286, 1.097744711401118, 1.1141775633996371, 1.124329797632205, 1.160988229864048, 1.1727025271980165, 1.1824409435704997, 1.1991022662761859, 1.21877939287523, 1.2320976411164466, 1.2756094795337798, 1.3001774391630487, 1.3257828788295298, 1.3337040224422942, 1.3526731610448446, 1.3666703035789791, 1.397890493392396, 1.4214059166164041, 1.4427840352309556, 1.4820290196690762, 1.5043553509194074, 1.533322037336953, 1.5611989696068158, 1.6026195247274397, 1.6195410615916614, 1.65218797394072, 1.6783011927905727, 1.691615072529848, 1.7035076857436535, 1.730827314880953, 1.7440188616302261, 1.7687324951075152, 1.799473175030682, 1.8230534124992517, 1.8431998785073986, 1.864762646948241, 1.8790647844385573, 1.893625258605113, 1.9209896298409985, 1.9527777522554641, 1.967249516407903, 1.973577656064273]}, "supplier": {"paths": [[2653281, 1809960, 2337742, 2416397, 2074415, 1916189, 134005, 2311459, 859990, 1493101, 2337775, 1097383, 2311433, 1942475], [702063, 2679509, 2732510, 2679585, 438495, 2705922, 912599, 2732535, 912599, 2047840, 2468583, 2574276, 2574269, 2100762], [2732575, 2732575, 2574276, 2732488, 2732510, 2706020, 2732528, 2732501, 2732501, 131099, 2732575, 2732575, 2732575, 2706039], [2732510, 2732488, 2653307, 131099, 2732575, 2285179, 2732575, 2732583, 2706039, 2732575, 2732528, 2732510, 2732528, 2705953], [2732583, 2706026, 2732583, 2732583, 2732583, 2732583, 2732583, 2705953, 2732583, 2732583, 2732575, 2732488, 2732575, 2285179]], "obj_list": [0.16506769375024, 0.2664442834299403, 0.312266459175045, 0.3797103832075691, 0.4033986616301964, 0.41072412479263937, 0.41072412479263937, 0.4208131434797312, 0.4672756535332345, 0.511278902520189, 0.5373202741993949, 0.5564878417029607, 0.6044801777934649, 0.6201654754878184, 0.6287721965567828, 0.6801898877165891, 0.7248739501807276, 0.743300893706768, 0.7598285159881786, 0.7760600332437367, 0.7903049478806783, 0.7972126583794975, 0.8364798354216209, 0.8439009241030219, 0.8565476035184821, 0.8721023935762682, 0.9171005825263672, 0.9306955617687922, 0.944100184155445, 0.9547329267973779, 0.9865317807714977, 0.9954296230058792, 1.0181225993218699, 1.046028974845887, 1.0620438190183286, 1.0884405817641711, 1.1003391041119293, 1.1240019151352236, 1.1407339482404875, 1.148762103261555, 1.180430580709861, 1.2011512622736944, 1.2342605175740968, 1.2411282129916577, 1.2672874660344822, 1.2982163920901333, 1.320016867339394, 1.3233318269683976, 1.3376222352085885, 1.3589416845554303, 1.3653467591952337, 1.3892255817586328, 1.4191214972049446, 1.427518830417884, 1.429409895941131, 1.4424748945400951, 1.463619308600816, 1.4768254936753034, 1.4961407444670274, 1.5192210492806082, 1.5277498505776697, 1.5366486983829424, 1.5637007232800442, 1.5907168646893355, 1.603369453380573, 1.622188221979527, 1.6241380277849573, 1.6343832808375982, 1.6537717003721262, 1.6641086689107119, 1.6792513938197058, 1.6968163595203634, 1.7158633254468663, 1.739110730418421, 1.7405551885132606, 1.76457090679378, 1.7995976785995351, 1.8063458461143336, 1.8177838335817058, 1.8318307219808758, 1.849960970947027, 1.872787886084977, 1.8943344791812835, 1.9137350870139687, 1.9196469823006297, 1.93519362108289, 1.9712533665186283, 2.0060880599855544, 2.0243451043958025, 2.0623173420945364, 2.077847124610932, 2.1088199085546298, 2.133055634615916, 2.158971156445115, 2.1971278062939312, 2.2306733833696715, 2.250367847844268, 2.356574028322786, 2.468988100982897, 3.2215577715869372]}, "percentile_list": [0, 1, 2, 3, 4, 5, 6, 7, 8, 9, 10, 11, 12, 13, 14, 15, 16, 17, 18, 19, 20, 21, 22, 23, 24, 25, 26, 27, 28, 29, 30, 31, 32, 33, 34, 35, 36, 37, 38, 39, 40, 41, 42, 43, 44, 45, 46, 47, 48, 49, 50, 51, 52, 53, 54, 55, 56, 57, 58, 59, 60, 61, 62, 63, 64, 65, 66, 67, 68, 69, 70, 71, 72, 73, 74, 75, 76, 77, 78, 79, 80, 81, 82, 83, 84, 85, 86, 87, 88, 89, 90, 91, 92, 93, 94, 95, 96, 97, 98, 99, 100]}